{
    "total_runtime": 2.085606098175049,
    "num_documents": 1,
    "input_load_time": 0,
    "workflows": {
        "create_base_text_units": {
            "overall": 1.9530820846557617,
            "0_create_base_text_units": 1.9515540599822998
        },
        "create_final_documents": {
            "overall": 0.008283138275146484,
            "0_create_final_documents": 0.0070648193359375
        }
    }
}